progress_id,stage,task_name,status,goal,current_conclusion,next_step,updated_at
P-20260315-001,ablation,"V3 消融实验：双目标消融 + directional 保守方向验证",analyzing,"提升简单函数收敛并验证 directional 保守触发，判断 v3 主线去向","已完成smoke+formal实跑(20260315_175032)：SMOKE_PASS=1，best=V3_DIR_STAG_BOTTOM_HALF，simple仍负、complex为正，recommend_full_formal=0","保持协议不变，优先调tau_dir/alpha_dir/cap/tau_refine后再跑reduced formal","2026-03-15 17:50:32"
P-20260315-002,benchmark_framework,"保守型迭代改造第一步：统一入口与导出增强",done,"不改算法体前提下统一入口/配置/模式并增强结果沉淀","已新增run_experiment_unified与config/export模块；复用run_all_compare主控；新增protocol_snapshot与aggregate/rank导出，pvalue为占位","执行smoke/formal最小验证并确认seed/FE协议一致","2026-03-15 19:05:00"
P-20260315-003,benchmark_statistics,"显著性检验导出增强：Wilcoxon/Friedman",done,"在统一导出链补齐正式统计检验文件并保持可追踪降级","已新增wilcoxon_rank_sum/friedman_summary/friedman_ranks导出；统计函数不可用时写入note字段","执行formal验证统计文件并核对p_value与note一致性","2026-03-15 19:20:00"
P-20260315-004,benchmark_framework,"第一批主线改造落地：算法注册+统一摘要导出+xlsx汇总",done,"降低算法切换成本并统一论文友好型输出","已新增algorithm_registry与experiment_summary导出；resolve_experiment_mode接入profile；aggregate新增summary_exports.xlsx","执行smoke/formal各一轮并核对registry与导出一致性","2026-03-15 19:35:00"
P-20260315-005,documentation,"项目级README完整化（结构+入口+函数规范）",done,"统一团队执行说明并降低协议理解偏差","已更新根README覆盖目录结构、统一入口、配置字段、函数接口、FE规则、统计导出、消融规范与FAQ","后续新增profile/导出字段时同步更新README示例","2026-03-15 19:45:00"
P-20260315-006,localization,"输出文件中文化策略落地（统一入口默认中文）",done,"满足中文输出偏好并保持历史脚本兼容","已新增localize_output_files_zh并接入统一入口；默认output_language=zh；中文摘要模板已生效","后续逐步将旧英文直出链路参数化为中文主名","2026-03-15 20:00:00"
P-20260315-007,benchmark_framework,"受控重构第二阶段：pipeline 默认收口统一入口并保留兼容壳",done,"不改run_all_compare语义前提下收敛入口并统一配置与导出","3个pipeline入口已接入use_unified_entry与run_phase_via_unified；新增explicit_experiment_name保持目录命名语义；静态检查通过","执行smoke回归后再做formal对照，核对summary/aggregate/protocol输出一致性","2026-03-15 20:25:00"
P-20260315-008,benchmark_framework,"受控重构第三阶段：core/export抽离+unified兼容壳化+阶段脚本分层",done,"按先兼容后收敛原则抽离公共职责并压缩执行链层级","已新增core与export公共函数；run_experiment_unified已改薄兼容壳；新增experiments/scripts入口及smoke自检脚本；静态检查与runtime smoke自检通过(check.pass=1)","执行formal小规模回归并复核summary/protocol/aggregate语义与历史一致","2026-03-15 21:20:00"
P-20260315-009,repo_hygiene,"活动目录简洁化：明确未用文件归档achieve",done,"按简洁优先原则清理活动目录并保持核心链路稳定","run_ct_app/run_sensitivity占位脚本及run_experiment_unified说明文档已归档到archive/achieve/unused_versions/20260315_simplify_cleanup；核心运行链未变","如需恢复可从achieve回迁；继续formal小规模一致性回归","2026-03-15 21:35:00"
P-20260315-010,benchmark_framework,"主入口去歧义：新增唯一人类入口并文档置顶",done,"降低run_*.m入口认知成本并明确入口分工","已新增run_main_entry.m；README_all顶部已改为主入口只记这一条并给出最小用法","后续新增入口必须同步更新入口分工说明","2026-03-15 21:45:00"
P-20260316-001,benchmark_framework,"P0 入口路径与算法 catalog 对齐修复",done,"消除 run_all_compare 入口级路径故障，并解决登记算法缺文件导致的 pipeline 不可运行","已将 core/run_all_compare 的 repo_root 回溯修正为 4 级并统一复用 resolve_common_paths；将缺失 v3 历史别名映射到现存 BBO_v3 实现；run_v3_dual_objective_ablation 的 name_from_algorithm 已同步；algorithm_inventory 已增加 legacy_alias->entry 标注；legacy/run_experiment_unified 增加显式兼容告警；静态诊断通过","追加一次 smoke 回归，确认 algorithm_inventory.csv 中相关别名 runnable=1 且结果目录生成正常","2026-03-16 00:10:00"
P-20260316-002,documentation,"框架树使用规范同步更新（结构指南）",done,"让目录树文档与当前 benchmark 重构状态一致，减少后续维护歧义","已在 PROJECT_STRUCTURE_GUIDE.md 新增与当前实现同步的使用规范：入口分层、路径解析、catalog一致性、第三方基线路径隔离、结果落盘、最小侵入与提交前检查清单","后续每次入口/路径/runner变更时同步维护该节与cec_runner README","2026-03-16 00:20:00"
P-20260316-003,benchmark_framework,"长线改进第一阶段：结果树协议+入口收口+路径安全+自检工具",done,"按低风险方式推进结构收敛，不改变算法语义与 CEC 协议","已新增 result_group/result_layout 并贯通至 run_all_compare；pipeline 默认改 use_core_entry；run_phase_via_unified 退为兼容 shim；stage_profiles(v3_dual_ablation) 与 suites 对齐；run_all_compare 增加关键同名函数冲突校验并下沉 private helper；新增 tools/check_path_collisions 与 tools/selfcheck_runner_integrity；mdm-opt-main 迁移至 archive/achieve/reference_only","下一阶段继续拆分 run_all_compare（config/path/inventory/plotting 分离到 core/private）并补 smoke/formal 回归对照","2026-03-16 01:20:00"
P-20260316-004,benchmark_framework,"长线改进第二阶段（局部）：run_all_compare helper 下沉（路径+算法清单+suite/path）",done,"继续在不改算法语义前提下压缩核心文件职责，减少重复块","已完成 execution/results_io/plotting 下沉；run_all_compare 收敛为 173 行薄编排层；新增并接入 rac_generate_result_figures 等 private helper；静态检查通过并完成 smoke 回归（selfcheck pass=1，结果生成于 unified_benchmark_smoke_20260316_115517）","下一步做 formal 小规模回归对照并排查 path 激活 warning 的历史目录原因","2026-03-16 12:05:00"
P-20260316-005,benchmark_framework,"小规模 formal 语义一致性审计（summary/run_manifest/protocol_snapshot）",done,"在不改协议前提下核对 formal 输出三类关键产物的语义一致性","已对 formal_semantic_consistency_20260316_1 执行自动审计：CEC2017/CEC2022 均为 SUMMARY_ROWS=14、MANIFEST_ROWS=28、RAW_FILES=28，且 AUDIT_PASS=1；protocol_snapshot 与 run_manifest/raw_runs/summary 关键字段一致","保持协议不变，进入下一轮 formal/ablation；路径激活 warning 作为环境历史目录问题单独跟踪","2026-03-16 12:20:00"
P-20260316-006,benchmark_framework,"P0/P1 收敛修复：别名映射统一、路径冲突防护、指标模块归位",done,"针对命名映射不直观、同名函数冲突风险与指标逻辑分散问题做集中修复，并保持协议不变","已新增 algorithm_alias_map 与 resolve_algorithm_alias 并接入 inventory；run_all_compare 启用算法路径前置与 strict_path_guard；path resolution 校验增强为 first-hit + expected-file；pipeline_common 纯转发函数迁移 compat/transitional；benchmark/metrics 新增聚合/排名/Wilcoxon/Friedman 实现并接入 export；check_path_collisions 根路径解析已修复并可稳定检出重复函数","下一步继续分解长 pipeline（analysis/reporting）并评估 BBO 稳定/消融/历史物理分层迁移方案（保持兼容）","2026-03-16 13:10:00"
P-20260316-007,repo_hygiene,"P0 主改造：src 与第三方原件硬分层 + 空目录治理 + 模块层落地",done,"消除 src 混放原件风险，建立明确开发边界，并把 v3 改进逻辑从概念模块化落到目录模块化","已迁移 BBO/SBO MATLAB 原始包至 third_party，迁移 cec_runner.zip 至 archive/historical_zips，迁移 mex 与 input_data 至 external_assets/mex_bin；cec_runner 路径解析改为 third_party/external_assets；空目录补齐 README；新增 src/improved/modules/BBO 模块并接入 BBO_improved_v3_ablation_core；experiment_registry 升级为 paper_name/internal_id/entry_func 三层命名","下一步继续拆分 rac_generate_result_figures（按 convergence/boxchart/rank）并执行 smoke 回归验证迁移后运行链","2026-03-16 13:45:00"
P-20260316-008,benchmark_framework,"P1 收口：图表大文件按职责拆分完成（convergence/boxplot/radar/behavior）",done,"将 rac_generate_result_figures 从巨型实现收敛为薄调度入口，降低维护耦合与回归风险","已将主入口改为调度层；新增 rac_plot_convergence_curves、rac_plot_boxplots、rac_plot_friedman_radar、rac_plot_algorithm_behavior 四个独立模块；复用 rac_build_plot_dataset 与 rac_save_figure_multi_format；相关文件静态错误检查通过","下一步执行一次 smoke 回归，核对拆分后绘图产物与旧协议一致","2026-03-16 14:20:00"
P-20260316-009,benchmark_framework,"smoke 核对图目录与命名一致性（拆分后）",done,"通过运行期 smoke 与模板对照确认拆分未改变图目录/命名协议","已运行 plot_split_smoke_20260316_check1/check2（cec2017+cec2022）；figures 目录树完整但图文件数为 0（上游算法路径激活 warning 导致可绘制数据不足，plot log 显示 convergence/boxplot/radar 被跳过）；已修复数据字段兼容（convergence/convergence_curve）；静态命名模板核对通过","下一步优先修复算法路径激活链路，再补一轮 smoke 获取实物图文件清单做最终对照","2026-03-16 15:05:00"
P-20260316-010,benchmark_framework,"修复算法路径激活 warning 并复跑 smoke",done,"消除路径激活误报，验证 warning 根因修复与后续阻塞边界","已修复 rac_setup_single_algorithm_path/rac_is_path_entry_active 的路径规范化逻辑；复跑 plot_split_smoke_20260316_check3 后激活 warning 消失；但运行仍因 cec17_func/cec22_func 在 objective 阶段未定义而快速失败（best=Inf、used_FEs=1、无图文件）","下一步转入 CEC objective 可用性链路修复，恢复可绘制收敛数据后再做文件名实物一致性终验","2026-03-16 15:30:00"
P-20260316-011,benchmark_framework,"CEC objective 可见性守卫修复 + smoke 实物命名终验",done,"恢复 split 后 smoke 的有效目标调用并完成图文件实物命名对照","已在 rac_build_suite_api 中加入 suite/mex 运行时路径守卫并复跑 plot_split_smoke_20260316_check4；CEC2022 的 BBO_BASE/BBO_IMPROVED_V3 目标值恢复为有效数值；cec2017/cec2022 均生成 convergence 实物图（各 1 张），文件名与拆分前模板一致：convergence_<suite>_D10_F1.png；同时将路径守卫改为入口函数优先校验，SBO 不再因 main 通用名被 strict guard 误跳过","下一步定位 SBO 在 F2/F3 的 function_handle runtime 错误并做定点修复，再补一轮含 SBO 的 smoke 以完善覆盖","2026-03-16 15:56:00"
P-20260316-012,benchmark_framework,"SBO 路径生命周期修复 + compat fallback 守卫 + smoke 复验",done,"修复 SBO 在多函数/跨 suite 运行中的路径失活与 unifrnd 缺失问题，恢复稳定 smoke 链路","已在 run_all_compare 中加入算法循环显式 onCleanup 释放、运行前路径激活二次确认、unifrnd 缺失时 compat 路径前置恢复；quick 验证（sbo_path_guard_quick_20260316_v5、sbo_cec2022_quick_20260316_v1）均通过；端到端复跑 plot_split_smoke_20260316_check6 后 cec2017/cec2022 三算法均完成（SBO used_FEs=3000）并成功产出 convergence 图","下一步可选：单独诊断 cec2017 中 BBO/SBO 的 Inf 值来源（input_data 读取告警），当前不影响框架稳定性与图命名一致性结论","2026-03-16 17:35:00"
P-20260316-013,benchmark_framework,"定向修复 cec2017 全 Inf：objective runtime_dir 选择",done,"消除 cec2017 因 input_data 目录错误导致的 objective 退化为 Inf 问题","已在 rac_build_suite_api 中新增 runtime_dir 判定（优先使用含有效 input_data 的 mex 目录）并将 objective 评估目录从固定 suite_dir 改为 runtime_dir；验证发现 suite input_data=0 文件、mex input_data=328 文件；quick 批次 cec2017_inf_fix_quick_20260316_v1（F1,maxFEs=100）中 BBO_BASE/BBO_IMPROVED_V3/SBO best_score 均为有限值，run_manifest 状态正常","下一步在后续 smoke/formal 中持续观察 cec2017 收敛统计，确认修复在长预算下稳定","2026-03-16 17:40:00"
P-20260316-014,benchmark_framework,"补跑标准 smoke + cec2017 修复前后指标对照导出",done,"在与当前配置一致的标准 smoke 上验证修复效果，并形成可复用对照产物","已执行 plot_split_smoke_20260316_check7_postfix（cec2017+cec2022）；两套件 run_manifest 状态符合预期（BBO_BASE/SBO completed，BBO_IMPROVED_V3 stopped_at_budget）；图文件正常落盘；完成 check6（修复前）vs check7（修复后）对照并导出 results/cec2017/compare_check6_vs_check7_postfix.csv，cec2017 三算法 best/mean 从 Inf 变为有限值","下一步可选：在 formal 预算与多次 runs 下补稳健性统计（mean/std/median + Wilcoxon/Friedman）","2026-03-16 17:55:00"
P-20260317-001,benchmark_framework,"全量 formal 批次执行（两套件全函数，runs=5）",running,"在正式协议下完成 cec2017/cec2022 全函数多次运行，为论文统计与显著性检验提供完整证据","已通过 run_main_entry 启动 formal_full_20260317_rerun1；结果目录与 run_log 已创建，且出现首条完成记录：BBO_BASE on F1 run 1/5（used_FEs=3000, t=396.7127s），证明任务已真实进入计算阶段","持续后台运行并监控日志增量；待 summary.csv/run_manifest.csv 完整后汇总 mean/std/median 与显著性文件","2026-03-17 12:22:00"
P-20260317-002,benchmark_framework,"formal 性能回退修复：移除每 FE 目录切换，改为 suite 级 runtime_dir 切换",done,"在保持协议与 objective 正确性的前提下修复运行性能异常，恢复 formal 可执行效率","已修改 rac_build_suite_api/run_all_compare/rac_plot_algorithm_behavior：get_function 返回 raw_fobj，不再每 FE 执行 cd+addpath；suite 批次开始时一次性切换到 runtime_dir；行为图 surface 采样使用 call_in_dir_local 一次切换；perf_fix_smoke_20260317 已完成并生成 raw_runs+summary+manifest","终止旧慢速 formal 批次并基于修复后代码重启全量 formal，确保统计口径一致","2026-03-17 13:12:00"
P-20260317-003,benchmark_framework,"全量 formal 重启（修复后口径）",running,"基于修复后的执行逻辑完成 cec2017+cec2022 全量正式批次，形成单一可比证据链","已终止旧批次 formal_full_20260317_rerun1 并重启 formal_full_20260317_rerun2；新日志显示 BBO_BASE F1 run 1/5 用时由 396.7127s 降为 0.0342s，raw_runs 持续增长","持续监控 rerun2 至全部 suite 完成，并汇总 summary/run_manifest/wilcoxon/friedman","2026-03-17 13:15:00"
P-20260317-004,benchmark_framework,"验收核查：功能正确性 + 性能 + 公平性",done,"对当前改法进行证据化验收，确认两套件可运行、行为图可生成、性能恢复且协议不变","acceptance_check_20260317 显示 cec2017/cec2022 均 completed 且无 input_data/runtime_dir 错误；run_manifest.used_FEs=3000；overview contour 图在两套件均生成；profile 中 cd/addpath 不再主导耗时；curve_end_equals_best=1","继续等待 formal_full_20260317_rerun2 全量结束并输出最终汇总","2026-03-17 13:20:00"
P-20260317-005,documentation,"结构治理复盘 README 优化版输出",done,"将“昨天到现在”的结构调整从口头复盘沉淀为项目级长期治理文档模板","已在 README 新增治理复盘专节：阶段化过程、根因归类、关键结构改变、触发与验收流程、制度化动作；内容明确区分治理建议与已验证事实，并绑定科研公平性/复现性约束","后续每次结构变更按同模板更新 README 复盘节与 tracking 台账，保持文档与代码同频","2026-03-17 13:35:00"
P-20260317-006,documentation,"copilot-instructions 反叠层治理加固",done,"将本轮复盘沉淀为 AI 协作硬约束，防止后续继续“越叠越高”与性能/路径类棘手回退","已更新 `.github/copilot-instructions.md`：新增反叠层触发门禁、性能回退防线、runtime_dir/cwd 规范、结构改动验收清单、台账强制同步、工程治理与算法创新区分规则","后续所有结构类任务按新门禁执行；若触发门禁，先给收敛方案再编码","2026-03-17 13:45:00"
P-20260317-007,benchmark_framework,"全量 formal 高预算批次（maxFEs=30000）",running,"在保持协议一致前提下执行高预算正式批次，提升结果稳健性与论文统计证据密度","已启动 formal_full_fes30000_20260317；run_log 显示 Primary budget maxFEs=30000 且 cec2017 F1 已连续完成多次 run，used_FEs=30000/30000","持续监控到 cec2017+cec2022 全部完成，并汇总 summary/run_manifest/wilcoxon/friedman","2026-03-17 15:43:00"
P-20260317-008,benchmark_framework,"全量 formal 超高预算批次（maxFEs=300000）",running,"在统一协议下运行超高预算正式批次，观察长预算表现并增强论文统计证据","已启动 formal_full_fes300000_20260317；run_log 显示 Primary budget maxFEs=300000，cec2017 F1 已完成 run 且 used_FEs=300000/300000","持续监控两套件完成，完成后汇总 summary/run_manifest/wilcoxon/friedman 与关键对比指标","2026-03-17 15:57:00"
P-20260317-009,repo_hygiene,"results 目录按日期清理（仅保留 3.17 及以后）",done,"收敛结果目录体量，保留当前正式批次证据并提升后续检索效率","已按候选清单删除 pre-2026-03-17 路径 67 项；清理后 cec2017 保留 7 个 3.17+ 批次目录，cec2022 保留 4 个 3.17+ 批次目录；删除清单见 temp/scratch/results_cleanup_deleted_20260317.txt","后续按日期阈值+实验名双规则做增量清理，并在每次清理后同步 decision_log 与 progress 台账","2026-03-17 16:20:00"
P-20260317-010,improved_algorithm,"Task C：V1 主干三模块实现（SEL+GDP+ASE）与 smoke 验证",done,"在不改 benchmark 协议前提下完成 V1 主干可控模块化改进并形成可复现实验证据","已新增 v1_module_config_factory/selective_elite_learning/gated_directional_push/anti_stagnation_escape 并接入 BBO_improved_v1；已完成 cec2017 smoke（F=[1,5,13,24,30], runs=5, maxFEs=3000）与三项开关检查批次","执行 V1 模块级 reduced ablation（保持 smoke 协议）并观察 F1 保护、F13/F24/F30 mean 与 std 走势后再决定 formal","2026-03-17 17:10:00"
P-20260317-011,ablation,"Task C：30000FE 两轮验证（定向验证+小型消融矩阵）",done,"在统一预算下回答模块留存与触发策略：F1恢复、关键函数保持、std可控与模块归因","两轮均已完成并产出报告；round1 显示 SEL 单独启用会显著恶化 F1，但 SEL+GDP 可恢复并改善 F1，且 F13/F24/F30 保持改善；round2 显示 GDP 后置于 SEL 具有正向贡献，ESC 收益较弱且场景依赖","固定 SEL+GDP 主干进入参数敏感性，扫描 ESC 条件触发阈值与触发频率，并提升 runs 验证稳定性","2026-03-17 18:40:00"
P-20260317-012,ablation,"Task C：round3 过程触发 ESC 验证（30000FE,runs=8）",done,"按 Q1/Q2/Q3 验证 SEL+GDP 稳定性、关键函数可重复性与 ESC 条件触发收益区间","已完成 plain/sel/gdp_only/sel_gdp/sel_gdp_esc_cond 矩阵实跑（F=[1,5,13,18,24,26,30]）；Q1: F1 上 sel_gdp 相对 plain 显著改善且 std 降低；Q2: F13/F24/F30 中仅 F24 可重复改善，F13/F30 仍不稳；Q3: ESC 条件触发在多数函数有均值收益但在 F1 有轻微副作用且部分函数 std 上升","执行 round3.1 阈值敏感性：调 escape_stage_progress/diversity/success 与 target_scope，围绕 F1/F13/F24/F30 做 5-10 runs 复核","2026-03-17 19:20:00"
P-20260317-013,governance,"阶段收口机制落地：定型冻结+过程归档 achieve",done,"将每阶段关键结果保存与过程旧版本归档固化为可执行流程","已新增 finalize_stage_and_archive.m 与 README 规范；脚本支持 stable_paths 冻结复制、process_paths 迁移 achieve，并自动生成 stage_manifest.csv/stage_manifest.mat/stage_report.md；stage_freeze_smoke_20260317 验证通过","后续每阶段结束固定执行 finalize_stage_and_archive 并同步 tracking 台账","2026-03-17 22:37:39"
P-20260317-014,prototype_framework,"多路线最小原型统一 smoke 框架（route_a/b/c/d）",done,"以统一接口快速比较新破局点，避免多创新混线并先 smoke 决策","已完成路线注册、单文件原型实现、统一 smoke 入口与统一汇总导出；按 cec2017 + F=[1,5,13,24,30,18,26] + maxFEs=30000 + runs=5 实跑并落盘 compare/recommendation/summary","round2 仅推进稳健候选 ROUTE_A 与 ROUTE_D，继续做参数敏感性且保持协议固定","2026-03-17 23:05:00"
P-20260318-001,paper_support,"每次结果自动导出改进算法说明文档",done,"让每个实验结果目录都包含改进点详细解释，支撑复现与论文写作","已新增 export_improved_algorithm_notes_md 并接入 run_experiment；每次 suite 结果自动生成 improved_algorithm_notes.md（核心思想、改进点、收益风险、公平性不变项）；prototype_routes_smoke_20260318_notes 实跑验证通过","将 improved_algorithm_notes.md 纳入阶段收口固定资产并持续补充新算法说明模板","2026-03-18 19:58:00"
P-20260318-002,prototype_framework,"三路线最小对比骨架 V2（baseline + A/B/C 占位）",done,"在不改协议前提下搭好三路线统一 smoke 骨架，支持后续逐条接入内核","已新增 run_prototype_route_compare_smoke 与 prototype_route_registry；已接入 ROUTE_A/B/C 新别名与占位算法入口并实跑验证（results/benchmark/research_pipeline/cec2017/prototype_route_compare_smoke_20260318_2115_rerun）；已自动导出 summary/rank/raw_runs/logs 与 route_registry/connectivity/compare/summary_md","下一轮优先实现 Route A 差分主生成器内核，Route B/C 暂维持占位并继续同协议对照","2026-03-18 21:15:00"
P-20260318-003,prototype_framework,"Route A：BBO + Differential Main Generator 主生成器增强实现",done,"在保持 BBO 主框架身份下，将差分变异+交叉提升为与 BBO 并行竞争的主候选生成链路，并接入统一 smoke","已将 BBO_route_a_differential_generator_bbo 实现为双主线更新（BBO trial + DE trial 并行生成、先双候选竞争再与当前个体竞争）；新增最小参数 F_max/F_min、CR、beta_best；ROUTE_A 在 registry 中标记为 implemented；已完成 smoke：results/benchmark/research_pipeline/cec2017/prototype_routeA_main_generator_smoke_20260318（runs=5,maxFEs=30000）并生成 summary/prototype_route_compare/improved_algorithm_notes","下一轮仅针对 Route A 做稳定性增强，优先压低 F30 的 mean/std（保持协议不变，不引入 Route B/C 机制）","2026-03-18 22:05:00"
P-20260318-004,prototype_framework,"Route A：固定CR vs CR调度 runs=5 同协议对照",done,"在不引入 Route B/C 思想前提下，评估固定 CR 与后期收缩 CR 调度对 F30 与 overall std 的影响，并执行结果收敛治理","已在同协议下完成 routeA_old_fixedCR_runs5_20260318 与 routeA_new_crschedule_runs5_20260318 两批次；对照显示 Route A 的 F30(mean/std) 与 overall std_over_funcs 一致；已按要求删除旧批次，仅保留 routeA_new_crschedule_runs5_20260318","下一轮仅做 Route A 单点参数微调（优先调整 CR 收缩起点或 CR_min）后再对比 runs=5","2026-03-18 22:20:00"
P-20260318-005,prototype_framework,"Route B：Dual-Subpopulation Cooperative Evolution 独立实现",done,"在不混入 Route A/Route C 核心思想前提下，验证双子群分工 + 周期迁移对 mixed/composition 稳定性的影响","已将 BBO_route_b_dual_population_bbo 实现为探索组/开发组双子群协同演化（分工不同、迁移机制明确）；Route B 在 registry 中标记为 implemented；已完成 smoke：results/benchmark/research_pipeline/cec2017/routeB_dualsubpop_smoke_20260318（runs=5,maxFEs=30000）并生成 summary/prototype_route_compare/improved_algorithm_notes","下一轮优先优化 Route B 的稳定性：控制探索组过冲并降低 F1 主导导致的 overall std 放大","2026-03-18 22:35:00"
P-20260318-006,prototype_framework,"Route C：Success-History Strategy Pool 独立实现",done,"在不混入 Route A/Route B 核心思想前提下，验证成功历史驱动的策略池调度是否具备可运行、可解释、可消融能力","已将 BBO_route_c_success_history_pool_bbo 实现为 3 策略池（精英收缩/差分漂移/局部高斯精修）+ 真实成功历史记分（成功率与相对改进幅度）+ 指数平滑权重更新；Route C 在 registry 中标记为 implemented；已完成 smoke：results/benchmark/research_pipeline/cec2017/routeC_success_history_smoke_20260318（runs=5,maxFEs=30000）并生成 summary/prototype_route_compare/prototype_route_connectivity/improved_algorithm_notes","下一轮优先稳定 Route C：限制早期探索强度与权重波动，降低 F1/F30 对 overall std 的放大效应","2026-03-18 22:55:00"
P-20260318-007,prototype_framework,"ABC 对照：300000 FE 同协议批次",done,"在高预算下对 baseline + Route A/B/C 做同协议对照，检验路线在长预算下的相对排序稳定性","已完成 routeABC_compare_fes300000_20260318（cec2017, F=[1,5,13,24,30,18,26], runs=5, dim=10, pop=30, maxFEs=300000）实跑并落盘全套产物；prototype_route_compare 显示 Route A win_count=4，Route B=1，Route C=1，baseline=1","下一轮优先基于该批次做函数级剖析（尤其 F1/F30）并对 Route B/C 做单点稳健化迭代","2026-03-18 23:15:00"
P-20260318-008,prototype_framework,"cec2022：ABC 对照 300000 FE 批次",done,"在 cec2022 套件下完成 baseline + Route A/B/C 的高预算同协议运行，形成可复核统计产物","已完成 routeABC_compare_cec2022_fes300000_20260318（cec2022, func_ids=1:12, runs=5, dim=10, pop=30, maxFEs=300000）实跑并落盘 summary/run_manifest/rank_table/wilcoxon/friedman/improved_algorithm_notes","下一轮可直接对 cec2022 的函数分组（单峰/多峰/混合/组合）做 Route A/B/C 的收益-风险归因","2026-03-18 23:25:00"
P-20260318-009,prototype_framework,"cec2022：强算法 + ABC 对照 300000 FE 批次",done,"在 cec2022 下将强对比算法并入 baseline + Route A/B/C，进行高预算同协议横向对照","已完成 routeABC_plus_strong_cec2022_fes300000_20260318（algorithms=BBO_BASE, ROUTE_A/B/C, SBO, MGO, PLO；func_ids=1:12, runs=5, dim=10, pop=30, maxFEs=300000）实跑并落盘 summary/rank_table/run_manifest/wilcoxon/friedman/improved_algorithm_notes","下一轮基于 rank_table 与 summary 提炼强算法 vs Route A/B/C 的函数类别优势区间与论文可用图表","2026-03-18 23:35:00"
P-20260319-001,governance,"BC 算法归档 + 无 README 结果归档",done,"按治理规则收敛活动算法面并清理无 README 结果目录，提升活动区可维护性与可追溯性","已将 Route B/C 实核代码快照归档到 archive/achieve/unused_versions/bc_algorithms_20260319_143139；活动位 Route B/C 回退为占位实现并在 registry 标记 placeholder；按 config.mat+summary.csv 且缺 README.md 规则归档 30 个实验根目录到 archive/achieve/results_no_readme/20260319_143139","如需复活 Route B/C，按归档快照回迁并在同协议下补跑 smoke 验证后再恢复 implemented 状态","2026-03-19 14:40:00"
P-20260319-002,prototype_framework,"Route A family 五版本实现 + 统一 smoke 对照",done,"在 active 结构仅围绕 Route A 构建 A_current/A_pbest/A_gated/A_safe/A_pbest_gated，并在同协议下完成最小可比验证","已新增五版本实现与 route_a_family_registry、run_route_a_family_smoke 统一入口；按 cec2017 F=[2,10,11,30], runs=5, maxFEs=30000 实跑 routeA_family_smoke_20260319_v2；compare 显示 A_CURRENT 与 A_SAFE 稳定，A_PBEST 在 F30 方差风险显著","下一轮优先沿 A_SAFE 做保守增强并为 A_PBEST 增加针对 F30 的防爆保护（保持策略边界与协议不变）","2026-03-19 15:05:00"
P-20260319-003,prototype_framework,"Route A family：30000/300000 双配置爆发检查",done,"在不改协议前提下复跑 FE=30000 与 FE=300000，验证五版本在 F30 上的爆发是否改善","已完成 routeA_family_smoke_fes30000_20260319 与 routeA_family_smoke_fes300000_20260319 两批次；F30 显示爆发风险随 FE 在版本间转移：30000 下 A_pbest 爆发，300000 下 A_current/A_safe 爆发，A_pbest 反而收敛","下一轮优先做阶段化诊断（候选接受统计+收敛曲线切片）并对 A_safe 增加后期防爆门限","2026-03-19 15:20:00"
P-20260319-004,prototype_framework,"Route A_safe：后期防爆门限 v1（单策略）+ FE300000 复跑",done,"仅在 A_safe 内加入后期防爆门限，验证 F30/std 能否压住且不影响同批其他版本","已在 BBO_route_a_safe_bbo 增加 late-stage guard（F/扰动缩放+步长上限收紧），并完成 routeA_family_smoke_fes300000_20260319_asafe_guard_v1；F30 上 ROUTE_A_SAFE_BBO mean/std/worst 恶化（166874.618→253119.801, 365431.352→558258.377, 820578.087→1251762.743），其余版本 F30 指标不变","下一轮改为条件触发+分位阈值门限（仅异常大步触发），保持同协议复跑","2026-03-19 15:45:00"
P-20260319-005,prototype_framework,"Route A_pbest：FE30000 runs=30 复跑（F30 爆炸巧合性复检）",done,"将 FE30000 的 runs 从 5 提升到 30，判断 A_pbest 在 F30 的爆炸是否为偶发巧合","已完成 routeA_family_smoke_fes30000_runs30_20260319；F30 上 ROUTE_A_PBEST_BBO 为 mean=126890.820,std=327174.624,worst=1251762.743；run-level 显示 4/30 >5e5、1/30 >1e6（p90≈8.20578e5）","结论为非单次巧合而是低频重尾；下一轮在 A_pbest 单策略内做异常大步条件抑制并同协议复跑","2026-03-19 16:05:00"
P-20260319-006,prototype_framework,"Route A 三方向探索与对比（Direction1/2/3）",done,"按三条方向独立实现并对比：Direction1 CURRENT+late PBEST，Direction2 SAFE 保守增强，Direction3 预算自适应","已新增 BBO_route_a_late_pbest_bbo/BBO_route_a_safe_conservative_bbo/BBO_route_a_budget_adaptive_bbo 与 run_route_a_three_directions_compare；完成 routeA_three_directions_fes30000_runs30_20260319 与 routeA_three_directions_fes300000_runs5_20260319。30k/F30 仅 SAFE_CONSERVATIVE 压住爆炸（mean=6549,std=5931,>5e5=0/30）；300k/F30 中 LATE_PBEST 与 BUDGET_ADAPTIVE 显著优于 CURRENT（均值约3.4e3）","下一轮优化 Direction3 低预算抑制策略（更晚触发+更低概率+更小elite覆盖），在保持300k优势前提下压住30k重尾","2026-03-19 16:40:00"
P-20260320-001,benchmark_framework,"three_direction + 强算法：cec2017 F1-F30 双预算批次",done,"按用户要求将 three_direction 扩展到 func_id=1:30，并加入强算法，在 FE=30000 与 FE=300000 各跑一次","已完成 routeA_three_directions_plus_strong_fes30000_20260320 与 routeA_three_directions_plus_strong_fes300000_20260320；算法集为 8 个（BBO_BASE/A_CURRENT/A_LATE_PBEST/A_SAFE_CONSERVATIVE/A_BUDGET_ADAPTIVE/SBO/MGO/PLO）；两批次 summary/run_manifest 均为 240 行","下一轮可直接做函数分组统计与论文图表导出（基于 summary/rank/wilcoxon/friedman）","2026-03-20 13:45:00"
P-20260320-002,benchmark_framework,"three_direction + 强算法：cec2017 F1-F30 双预算 runs=10 批次",done,"在 func_id=1:30 与强算法集合不变前提下，将 runs 提升到 10，分别执行 FE=30000 与 FE=300000","已完成 routeA_three_directions_plus_strong_fes30000_runs10_20260320 与 routeA_three_directions_plus_strong_fes300000_runs10_20260320；两批次均满足 summary_rows=240、manifest_rows=2400、algorithms=8、funcs=30。300000 批次出现 run_results>2GB 警告，但 CSV/manifest/raw_runs/统计文件完整","下一轮在不改协议前提下做结果归因统计；若需保留完整大变量可评估 -v7.3 或分块持久化","2026-03-20 17:05:00"
P-20260320-003,benchmark_framework,"three_direction + 强算法：cec2022 双预算 runs=10 批次（原配置迁移）",done,"将上一轮原配置迁移到 cec2022 执行（同算法集/预算/runs），验证跨 suite 可复现性","已完成 routeA_three_directions_plus_strong_cec2022_fes30000_runs10_20260320 与 routeA_three_directions_plus_strong_cec2022_fes300000_runs10_20260320；校验结果为 summary_rows=96、manifest_rows=960、algorithms=8、funcs=12（F1-F12）","下一轮可直接生成 cec2017 vs cec2022 的预算分层对比总表与论文图表素材","2026-03-20 22:10:00"
P-20260320-004,benchmark_framework,"Route A budget-adaptive A/B/C 决策烟测治理对齐",done,"将 A/B/C 决策 smoke 的默认口径固化到 stage profile，并增强决策可追溯导出","已新增 stage profile: route_a_budget_adaptive_abc_smoke（suite=cec2022, F=[6,7,8,10,11,12], runs=10, maxFEs=30000/300000），并在 run_route_a_budget_adaptive_abc_smoke 中接入；新增 route_a_budget_adaptive_abc_decision_table.csv 导出","下一轮按该统一口径跑 smoke，并基于 function/group/delta/decision 产物执行 A/B/C 去留决策","2026-03-20 23:20:00"
P-20260321-001,benchmark_framework,"Route A C 版本 escape 修复 + 强算法联跑（30000FE, runs=5）",done,"修复 C 版本无法运行问题，并在同协议下完成含强算法的实跑取证","已修复 BBO_route_a_budget_adaptive_archive_escape_bbo.m 中 archive_escape_controller 调用解析错误；静态检查无错误；完成 cec2022 F=[6,7,8,10,11,12]、algorithms=[A/B/C,BBO_BASE,SBO,MGO,PLO]、maxFEs=30000、runs=5 实跑并落盘到 results/benchmark/research_pipeline/cec2022/routeA_escape_fixed_plus_strong_fes30000_runs5_20260321；C 版本 run_manifest 显示 failed=0 且 used_FEs=30000","下一轮可按同算法集执行 300000FE 对照并做预算分层统计归因","2026-03-21 01:45:00"
P-20260321-002,benchmark_framework,"日志重复交错根因修复：run_all_compare 双实现收敛",done,"解释并修复 run_log 重复/交错，恢复执行链唯一性与日志可信性","已确认根因是 src/benchmark/cec_runner 与 src/benchmark/cec_runner/core 同名 run_all_compare.m 并存导致调用分叉；已将根目录同名实现改为兼容转发壳并统一走 run_main_entry->core 链路；在 core/run_suite_batch.m 增加 core 目录前置固定解析优先级。最小 smoke unified_benchmark_smoke_20260321_014051 复验：run_log 顺序正常，无重复 Start/Finished，run_manifest used_FEs 全部为30000，曲线长度抽检与 used_FEs 一致","下一轮在目标口径（cec2022, F=[6,7,8,10,11,12], runs=5）复跑并做全量曲线长度一致性脚本化核验","2026-03-21 01:50:00"
P-20260321-003,improved_algorithm,"Route A 主线收敛 + F11 单点小修版本落地",done,"主线仅保留 ROUTE_A_BUDGET_ADAPTIVE_BBO；将 SHSA/ARCHIVE_ESCAPE 降级为失败但有信息量消融分支；新增仅针对 F11 的受控小修版本","已在 alias map 中将 A_BUDGET_ADAPTIVE 增补主线别名 ROUTE_A_BUDGET_ADAPTIVE_BBO；将 B_BUDGET_ADAPTIVE_SHSA 与 C_BUDGET_ADAPTIVE_ARCHIVE_ESCAPE 的 tier 调整为 ablation_failed_but_informative；新增 BBO_route_a_budget_adaptive_f11_patch_bbo，仅增加一个受控局部脱困机制（停滞阈值、触发比例、尾部对象、精英优于约束、composition/hybrid 保守强度），未改 benchmark 协议字段；并同步导出说明识别逻辑","下一轮按 cec2022 F11 专项口径进行前后对照（best/mean/std）与 guard 退化检查，评估是否进入主线默认","2026-03-21 02:20:00"
P-20260321-004,benchmark_framework,"F11 专项 A/B 对照实跑（30000/300000, runs=10）",done,"按新规则执行 A_BUDGET_ADAPTIVE vs A_BUDGET_ADAPTIVE_F11_PATCH 双预算对照，并给出 F11 指标与 guard 退化检查","已完成两批次：f11_ab_compare_fes30000_runs10_20260321 与 f11_ab_compare_fes300000_runs10_20260321。F11：30000 下 A(best=2750.4731,mean=2885.0473,std=47.2846)，PATCH(best=2900,mean=2900,std≈0)；300000 下 A(best=2900,mean=2901.2002,std=3.7954)，PATCH(best=2900,mean=2900,std=0)。guard(F6/F7/F8) 组均值差 PATCH-A：30000=-0.6682，300000=-2.0425（均未退化）；run_manifest used_FEs 与预算一致，协议未改","下一轮仅在 F11 小修机制内调阈值/触发比例，保持协议不变复跑复核","2026-03-21 03:05:00"
P-20260321-005,improved_algorithm,"F11 单机制阈值/比例微调后同协议复跑（tuned_v2）",done,"仅在现有单机制内微调阈值与触发比例，验证低预算是否可显化收益","已完成 f11_ab_compare_fes30000_runs10_20260321_tuned_v2 与 f11_ab_compare_fes300000_runs10_20260321_tuned_v2，并与旧版结果逐项对照：F11（best/mean/std）与 guard delta 均与旧版一致，无可观测变化；判定当前两参数微调未改变行为轨迹","下一轮若仍限单机制，先补充触发发生率证据，再在阈值/比例内继续调参并同协议复跑","2026-03-21 03:30:00"
P-20260321-006,benchmark_framework,"ABC 焦点对照 rerun（F10/F11/F12 + guard F6/F7/F8，双预算 runs=10）",done,"在不改协议下完成 A/B/C 双预算复跑并给出下一轮优先版本依据（含 plateau FE）","已完成 abc_focus_f10f11f12_guard_f6f7f8_fes30000_runs10_20260321_rerun 与 abc_focus_f10f11f12_guard_f6f7f8_fes300000_runs10_20260321_rerun。F11：30k 下 A(mean=2885.0473) 优于 B/C(=2900)；300k 下 B/C(=2900) 优于 A(=2901.2002)。30k 的 F10/F12 上 A 更稳，300k 的 F10/F12 与 guard(F6/F7/F8) 上 B 整体更优；plateau_fe_summary.csv 已落盘","下一轮推荐：若目标是专项修 F11 则优先推进 B（单机制小修、协议不变）；A 继续作为低预算守门基线并行对照；C 暂不主推","2026-03-21 04:10:00"
P-20260321-007,improved_algorithm,"B 分支 F11 单机制小修批次（A 并行基线对照，双预算 runs=10）",done,"直接执行 B 的 F11 单机制小修并保持 A 自动对照，验证双预算下 F11 与 guard 行为","已新增 BBO_route_a_budget_adaptive_archive_escape_f11_patch_bbo（仅调整停滞触发逃逸强度单机制）并通过别名 B_CROSS_BASIN_FIX_F11_PATCH 接入统一入口。已完成 b_f11_patch_ab_compare_fes30000_runs10_20260321 与 b_f11_patch_ab_compare_fes300000_runs10_20260321；F11 差值(B-A)：30k=+14.9527，300k=-1.2002；guard(F6/F7/F8) 均值差(B-A)：30k=-0.6682，300k=-2.0425；summary/run_manifest/plateau_fe_summary 均已落盘","下一轮若仍限定单机制，先补触发日志证据（触发次数/覆盖比例），再仅调一个参数（停滞阈值或触发上限）并同协议复跑","2026-03-21 04:35:00"
P-20260321-008,improved_algorithm,"A/D/E 下一轮方向验证（F10,F11,F8,F7,F12,F6，双预算 runs=10）",done,"落地主线保留A+新增D轻量精修+新增E长预算晚触发受控救援，并补齐bad-run与run-level分布指标","已新增 D: BBO_route_a_budget_adaptive_f10_local_refine_bbo 与 E: BBO_route_a_budget_adaptive_controlled_rescue_bbo，新增 run_route_a_de_next_round.m 与 compute_runlevel_risk_summary.m；完成 ade_next_round_fes30000_runs10_20260321 与 ade_next_round_fes300000_runs10_20260321。30k下E在F11更优但F10未改善；300k下E在F11更优但F10/F7坏run增加。D未形成F10稳定改善且300k F11退化","结论：A继续主线；E仅作为长预算后段受控救援候选；D需迭代为D2（更小步长与优区后精修）后再复跑","2026-03-21 05:20:00"
P-20260321-009,improved_algorithm,"D2（仅优区小尺度精修机制组）双预算复跑",done,"仅改一个机制组（更晚触发、更小步长、更低频、优区门控）验证D2是否改善F10且不伤F11/guard","已新增 BBO_route_a_budget_adaptive_f10_local_refine_d2_bbo 与别名 D2_F10_LOCAL_REFINE，并完成 ad2_next_round_fes30000_runs10_20260321 与 ad2_next_round_fes300000_runs10_20260321（cec2022, F=[10,11,8,7,12,6], runs=10）；导出 summary/run_manifest/plateau/bad_run/run-level 分布。结果：F10 未优于 A，300k 下 F11 退化为 2900，F7/F8 坏run未改善","结论：D2 当前不满足 F10 定向修复目标；主线保持 A，不并入 D2；下一轮仅在 D2 机制组内继续单参数微调","2026-03-21 05:45:00"
P-20260321-010,improved_algorithm,"放弃D线，固定A+E并收紧E触发后双预算复跑",done,"仅在E内收紧触发频率与目标比例，验证是否降低副作用并保留长预算收益","已在 BBO_route_a_budget_adaptive_controlled_rescue_bbo 中收紧参数（progress_gate=0.60, stagnation_iters=10, tail_fraction=0.10, max_triggers_per_run=1, cooldown_iters=180, max_escape_targets=10%, escape_apply_prob=0.16），完成 ae_tight_e_fes30000_runs10_20260321 与 ae_tight_e_fes300000_runs10_20260321。结果：30k F11优于A但F10无稳定改善；300k F11退化为2900且F7/F8坏run仍偏高","结论：收紧版E未优于上一版E整体表现，不替代A主线；A唯一主线保持不变","2026-03-21 06:10:00"
P-20260321-011,benchmark_framework,"seed脱钩alg_idx + 全量逐项一致性红色告警",done,"消除跨实验同槽位同种子误导，并对同函数同runs全量逐项相等结果自动告警","已将 rac_derive_run_seed 改为 canonical algorithm_name 哈希驱动；run_all_compare 新增 exact-match 检测并写入 [RED][ExactMatchAlert] 日志；summary.csv 新增 exact_match_warning；新增 exact_match_warnings.csv；experiment_summary.md 新增红色告警段。最小复验 diag_seedhash_alert_check_runs3_20260321 通过且 D/E 种子分离。本次为工程治理与复现性增强，不是算法创新，benchmark 协议参数未改","后续正式批次若 exact_match_warnings.csv 非空，先排查算法可区分性再下结论","2026-03-21 15:05:00"
P-20260321-012,improved_algorithm,"Direction A：E rescue 改为停滞触发短脉冲",done,"将 E 的 rescue 从常驻门控改为停滞触发、短时生效、成功即退出、后期预算禁用强 rescue","已在 BBO_route_a_budget_adaptive_controlled_rescue_bbo 落地：滚动停滞窗口K=8 + 相对改进阈值触发；触发后仅执行1~3次脉冲rescue；任一次rescue成功即退出并回到baseline主链；progress>=0.75 后禁用强 rescue。benchmark 协议字段未改","下一步按 cec2022 同口径复跑 A vs E，补充 rescue 触发次数/成功率证据，并核验 F10/F11 与 guard 组是否净改善","2026-03-21 16:20:00"
P-20260321-013,benchmark_framework,"A vs E 同口径复跑 + rescue 证据自动导出",done,"完成 cec2022 F=[6,7,8,10,11,12]、runs=10、maxFEs=30000 的 A/E 对照，并输出 rescue 触发次数/成功率证据","已在 run_all_compare 增加 rescue 证据导出（rescue_evidence.csv、rescue_evidence_summary.csv），并在 BBO_route_a_budget_adaptive_controlled_rescue_bbo 增加 onCleanup 保底诊断发布（预算硬停也可落盘）。实跑目录 results/benchmark/research_pipeline/cec2022/a_vs_e_cec2022_f6_7_8_10_11_12_fes30000_runs10_20260321_153637 已完整生成 summary/run_manifest/rescue 证据文件；当前 E 在该口径下 trigger_count=0、success_count=0、success_rate=0","下一步仅在 E 触发阈值组内小步调参（协议不变）并复跑，对比 rescue 覆盖率与 F10/F11/guard 净变化","2026-03-21 16:50:00"
P-20260321-014,benchmark_framework,"全局切换为配对种子策略",done,"将后续 benchmark 全部改为同 run_id 跨算法共享 seed，并同步规则文档","已修改 rac_derive_run_seed 为配对种子派生（仅 base_seed+suite_idx+function_id+run_id），移除算法身份分量；并同步更新 .github/copilot-instructions.md 的种子策略、处置规则与验收条款为同 run 严格同 seed 口径","下一步在后续正式批次中核验 run_manifest.csv 同 run 配对 seed 一致性，并继续监控 exact-match 告警文件","2026-03-21 17:20:00"
P-20260321-015,benchmark_framework,"E-rescue 触发校准 + 逐触发事件落盘",done,"先把 rescue 从未生效状态改为可触发、可观测、可统计，并仅在 F10/F11/F12 做 smoke 取证","已在 BBO_route_a_budget_adaptive_controlled_rescue_bbo 放宽停滞触发并加入校准兜底触发；修复 onCleanup 初值捕获导致诊断恒 0 问题，改为迭代实时发布。run_all_compare 新增 rescue_trigger_events.csv（含 trigger_fe,best_before,best_after,improve_abs,improve_rel,success）。smoke 批次 results/benchmark/research_pipeline/cec2022/rescue_trigger_calib_smoke_core_f10_f11_f12_fes5000_runs2_20260321_v6 已生成非零触发：F10=2,F11=2,F12=2","下一步在协议不变前提下去掉校准兜底触发，仅保留停滞触发并复核触发覆盖率与净收益","2026-03-21 19:18:00"
P-20260321-016,benchmark_framework,"E-rescue v7 去兜底触发复核（F10/F11/F12 smoke）",done,"关闭校准强制触发后，验证纯停滞触发链是否仍可观测并评估净效果","已在 BBO_route_a_budget_adaptive_controlled_rescue_bbo 关闭 calibration_force_mode，触发仅依赖停滞窗口；完成 rescue_trigger_smoke_no_fallback_f10_f11_f12_fes5000_runs3_20260321_v7。rescue_evidence_summary 显示 trigger_count: F10=3,F11=3,F12=3，success_count: F12=1；rescue_trigger_events.csv 已记录每次触发的 trigger_fe/best_before/best_after/improve_abs/improve_rel/success；summary 显示 A/E 在三函数 mean 差异很小","下一步建议在同协议下加入 guard(F6/F7/F8) 的 smoke 批次，联合评估触发覆盖率、success_rate 与 mean/std 净变化","2026-03-21 19:32:00"
P-20260322-001,improved_algorithm,"Route A 主线最小 archive 注入（冻结 Budget_adaptive 底座）",done,"在不改协议前提下，为主线 A 落地最小可运行 archive 触发与 trigger/success 统计落盘","已在 BBO_route_a_budget_adaptive_bbo 注入最小 archive 机制：仅长预算启用、停滞触发、低频 escape、成功计数与事件记录；并在 run_all_compare 放行主线 A 的 rescue 诊断条目，确保 rescue_evidence.csv/rescue_evidence_summary.csv/rescue_trigger_events.csv 可接收 A 的统计。静态错误检查通过","下一步执行最小 smoke（A 主线）核验 trigger/success 统计落盘与日志时序，再决定是否进入 formal","2026-03-22 10:00:00"
P-20260322-002,improved_algorithm,"Route A 下一代分层消融入口（方案2：archive+replay）落地",done,"按最小可验证改动实现 baseline/archive/replay/success-history/dispersal 五层可消融入口，并保持 benchmark 协议不变","已新增 route_a_budget_adaptive_nextgen_core 与 5 个分层入口（baseline、archive_only、archive_replay、archive_replay_shsa、archive_dispersal_replay_shsa）；新增 route_a_nextgen_layered_registry；algorithm_alias_map 完成新 token 注册并将 A_BUDGET_ADAPTIVE_BASELINE 指向真实 baseline；run_all_compare 放行新入口诊断导出；export_improved_algorithm_notes_md 补齐层级说明","下一步先跑 F11 主攻 smoke（含 F10/F12 与 guard F6/F7/F8），重点核验 mean/std 与 replay 触发成功率后再决定 formal","2026-03-22 11:10:00"
P-20260322-003,benchmark_framework,"RouteA_min_archive_validate 双预算执行（30000/300000, runs=10）",done,"按同协议完成 30000 与 300000 两批次执行并确保 summary 产物齐全","已完成 cec2022、func_ids=[6,7,8,10,11,12]、dim=10、pop=30、runs=10、rng_seed=20260322、algorithms=[BBO_BASE,A_BUDGET_ADAPTIVE] 的双预算批次；目录 results/benchmark/research_pipeline/cec2022/routeA_min_archive_validate_fes30000_runs10_20260322 与 results/benchmark/research_pipeline/cec2022/routeA_min_archive_validate_fes300000_runs10_20260322 均已生成 summary.csv 并可读取","下一步可基于两批次 summary.csv 生成 budget 分层对照表（按 function 的 mean/std 与 guard 组差值）","2026-03-22 12:20:00"
P-20260322-004,benchmark_framework,"三方案同场对比执行（A_ARCHIVE_ONLY/A_ARCHIVE_REPLAY/A_ARCHIVE_DISPERSAL_REPLAY_SHSA）",running,"完成 cec2022 口径下三方案同场对比并输出统一汇总表","已新增批处理脚本 experiments/scripts/run_benchmark/run_routea_three_schemes_compare_dual_budget.m；已完成并落盘 routeA_three_schemes_compare_fes300000_f6_runs10_20260322_split（含 summary/run_manifest/rescue 证据链），其余函数与 30000 对照在分批执行中","继续补齐 F7/F8/F10/F11/F12 与 30000 分批结果后，生成统一汇总 CSV 与并列表结论","2026-03-22 15:45:00"
P-20260322-005,governance,"results 无 README 目录全量归档与清零校验",done,"清理 results 下缺 README.md 的历史结果目录，保证结果树可维护与可审计","已执行批量归档：迁移日志 archive/achieve/results_no_readme/_move_logs/move_no_readme_20260322_165801.csv 共 170 条；收尾日志 archive/achieve/results_no_readme/_move_logs/move_no_readme_finalize_20260322_165825.csv 为 0 条；最终校验 REMAINING_NO_README=0。部分 tables 子路径 not found 为父目录先迁移后的预期现象，不影响归档完整性","后续将 README 完整性检查纳入结果批次例行治理，新增无 README 批次优先归档后再决定回迁","2026-03-22 16:58:00"
P-20260322-006,improved_algorithm,"Route A 主线 A/B/C 重构：A=frozen baseline，B=success-history，C=state-triggered controlled dispersal",done,"将主线版本收敛为明确可比较的 A/B/C 三版本，并解除 C 对 replay/archive 的强绑定","已新增 BBO_route_a_budget_adaptive_success_history_bbo（B）与 BBO_route_a_budget_adaptive_success_history_dispersal_bbo（C）；route_a_budget_adaptive_nextgen_core 已支持无 archive 情况下按停滞状态触发受控 dispersal；algorithm_alias_map 新增 A_MAINLINE_FIXED_BASELINE/B_MAINLINE_SUCCESS_HISTORY/C_MAINLINE_CONTROLLED_DISPERSAL；route_a_nextgen_layered_registry、export_improved_algorithm_notes_md 与 run_all_compare 诊断白名单已同步","下一步按同协议执行 A/B/C 双预算 smoke，并重点核验 F10/F11/F12 与 guard(F6/F7/F8) 的 mean/std、bad-run 与触发成功率","2026-03-22 17:15:00"
P-20260322-007,benchmark_framework,"种子助手告警修复 + 最小 smoke 自检复验",done,"在不改协议前提下清理静态告警并验证主链最小可运行性与关键产物完整性","已修复 src/benchmark/cec_runner/core/private/rac_derive_run_seed.m 未使用参数告警（改为 ~ 占位，不改配对种子逻辑）；完成 run_smoke_selfcheck 最小批次（mode=smoke,runs=1,func_id=1），两套件结果目录 results/cec2017/post_fix_smoke_smoke_20260322_175315 与 results/cec2022/post_fix_smoke_smoke_20260322_175315 已生成并包含 summary/run_manifest/protocol_snapshot/exact_match_warnings/rescue_evidence/improved_algorithm_notes 等核心产物","下一步在同协议补做 F10/F11/F12+guard focused smoke，并专项核查运行期 input_data 文本告警对数值结果的影响边界","2026-03-22 18:00:00"
P-20260322-008,benchmark_framework,"Focused smoke（F10/F11/F12 + guard）与 input_data 告警影响判定",done,"在同协议下完成 cec2022 focused smoke，并给出 Cannot open M_1_D10.txt/shift_data_1.txt 的可审计影响证据","已完成 results/cec2022/focused_inputdata_impact_smoke_20260322_180739（suite=cec2022,func_ids=[6,7,8,10,11,12],runs=1,maxFEs=3000）；run_manifest.csv 显示 18/18 条均 used_FEs=3000 且无 failed，summary.csv 与 run_log.txt 完整；本批次目录内未检索到两条告警文本；已新增 input_data_warning_impact_evidence.md 汇总证据与结论","下一步在 cec2017 单函数口径做告警来源专项定位（input_data 路径与文件映射），确认是否存在数值偏移风险","2026-03-22 18:10:00"
P-20260322-009,benchmark_framework,"cec2017 单函数专项复核（F1/F2）：告警出现 vs 消除 数值偏移对照",done,"在同协议下对 cec2017 F1/F2 做 warn_on/warn_off 成对 smoke，并输出可直接引用的数值偏移表","已完成 warn_on: results/cec2017/cec2017_inputwarn_on_smoke_20260322_181315（CEC_RUNTIME_DIR_MODE=suite）与 warn_off: results/cec2017/cec2017_inputwarn_off_noplot_smoke_20260322_181400（CEC_RUNTIME_DIR_MODE=mex）；对照表 results/cec2017/cec2017_inputwarn_f1_f2_drift_compare_20260322.csv 显示 F1 在 warn_on 为 Inf、warn_off 恢复有限值；F2 在 warn_on 为约 -2.106e65、warn_off 恢复有限值；专项报告已落盘 results/cec2017/cec2017_inputwarn_compare_report_20260322.md","下一步将 cec2017 input_data 可读性检查固化为 formal 前置门禁，并保持 mex runtime_dir 为默认正式口径","2026-03-22 18:25:00"
P-20260322-010,benchmark_framework,"formal input_data 可读性前置门禁固化",done,"将 input_data 可读性检查升级为 formal 必经门禁，阻断无效数值批次","已新增 src/benchmark/cec_runner/core/private/rac_formal_input_data_gate.m，并在 src/benchmark/cec_runner/core/run_experiment.m formal 分支接入强制校验；门禁要求 runtime_dir 必须为 mex 目录，且 input_data 非空并能读取 M_1_D<dim>.txt 与 shift_data_1.txt。验证：正常口径通过并生成 results/cec2017/formal_gate_pass_smoke_formal_20260322_181942；强制 suite 口径被拦截并报 Formal preflight gate failed","下一步将门禁失败信息同步到 experiment_summary 导出模板，提升 formal 失败批次定位效率","2026-03-22 18:35:00"
P-20260324-001,benchmark_framework,"RouteA final compare 正式批次启动（cec2017+cec2022，D10，pop30，FE300000，runs30）",running,"使用现有研究脚本 run_routea_final_compare 在统一 benchmark 链路下启动双套件正式对比，并保持协议不变","已完成启动前预检：MATLAB 可调用，CEC2017/CEC2022 input_data 资产完整，删除清单为0；已确认 run_routea_final_compare.m 默认正式参数即为目标口径；已于 20260324_141923 用 matlab -logfile ... -batch 后台启动正式任务，日志 logs/benchmark/run_routea_final_compare_dual_suite_d10_pop30_fes300000_runs30_20260324_141923.matlab.log 已出现算法运行输出 HHO is now tackling your problem，说明任务已进入真实 benchmark 计算阶段","持续监控 results/算法结尾阶段 下两套 suite 的 formal 结果目录与 final_algorithm_compare_*_20260324_141923 打包目录；待 summary.csv、run_manifest.csv、exact_match_warnings.csv、experiment_summary.md、improved_algorithm_notes.md 齐全后补最终结果归因、fairness 复核与阶段收口","2026-03-24 14:20:00"
P-20260324-002,benchmark_framework,"RouteA formal 中断后恢复序列（cec2017 剩余段 + cec2022 全量）",running,"在不重跑前 26 个函数的前提下，按最小恢复策略尽快完成本轮 formal 的剩余计算","已确认原批次在 cec2017/F27/DE/run8 后中断，且内核不支持自动断点续跑；已改为新开恢复批次：routea_final_compare_cec2017_recovery_f27_f30_fes300000_runs30_20260324_230122 + 顺序接续 routea_final_compare_cec2022_resume_full_fes300000_runs30_20260324_230122。当前恢复日志已进入真实执行，cec2017 恢复批次已完成 ROUTE_A_BUDGET_ADAPTIVE_BBO F27 run 8/30","持续监控恢复日志，确认 cec2017 F27:F30 完成并自动切换到 cec2022；待两批恢复结果落盘后，再执行结果拼接、fairness 复核与最终台账收口","2026-03-24 23:02:00"
P-20260325-001,benchmark_framework,"RouteA final compare：仅 cec2022 rerun2（D10/pop30/FE300000/runs30）",running,"在不改协议的前提下，重新发起仅 cec2022 的正式对比批次，并确认 smoke 完成、formal 已健康进入真实执行","已按 cfg.suites={'cec2022'}、dim=10、pop_size=30、maxFEs=300000、runs=30、rng_seed=20260324、timestamp=rerun2_cec2022_d10_p30_fe300000_r30_20260325 启动独立批次；smoke 目录已完整生成 summary.csv/run_manifest.csv/exact_match_warnings.csv/experiment_summary.md/improved_algorithm_notes.md；formal 目录已进入真实运行，当前 raw_runs 持续增长且 run_log 已推进至 ROUTE_A_BUDGET_ADAPTIVE_BBO F1 run 16/30","持续监控 rerun2，待 formal 的 summary.csv/run_manifest.csv/exact_match_warnings.csv 与最终 final_algorithm_compare_* package 生成后，再做结果核对、fairness 复核与阶段收口","2026-03-25 17:38:00"
P-20260322-011,governance,"下次检错工作流文档固化",done,"把本轮 input_data 告警与 formal 门禁经验沉淀为可复用 SOP，供后续批次直接执行","已新增 docs/03_experiment_protocols/next_time_debug_workflow_input_data_formal_gate.md，固化 focused smoke、cec2017 A/B 对照、formal 前置门禁、公平性与复现性复核、台账同步的完整闭环，并补齐最小证据包清单","下一步在后续 smoke/formal 批次直接按该 SOP 执行，并持续抽检 curve 行数与 used_FEs 一致性及 exact_match_warnings 告警状态","2026-03-22 19:05:00"
